{"cameraMode":{"drawMode":0,"name":"Shaded","section":"Shading Mode"},"sceneLighting":false,"audioPlay":false,"sceneViewState":{"m_AlwaysRefresh":false,"showFog":true,"showSkybox":false,"showFlares":true,"showImageEffects":true,"showParticleSystems":true,"showVisualEffectGraphs":true,"m_FxEnabled":true},"in2DMode":false,"pivot":{"x":-0.05842667818069458,"y":0.10224387049674988,"z":-0.036480970680713657},"rotation":{"x":0.20948496460914613,"y":0.31517115235328677,"z":-0.07153774052858353,"w":0.9228662252426148},"size":0.30310890078544619,"orthographic":false}