{"cameraMode":{"drawMode":0,"name":"Shaded","section":"Shading Mode"},"sceneLighting":true,"audioPlay":false,"sceneViewState":{"m_AlwaysRefresh":false,"showFog":true,"showSkybox":true,"showFlares":true,"showImageEffects":true,"showParticleSystems":true,"showVisualEffectGraphs":true,"m_FxEnabled":true},"in2DMode":false,"pivot":{"x":3.8874995708465578,"y":2.211305618286133,"z":2.4870946407318117},"rotation":{"x":0.08965694904327393,"y":-0.8827328085899353,"z":0.18757203221321107,"w":0.4215475916862488},"size":0.4330126941204071,"orthographic":false}