{"cameraMode":{"drawMode":0,"name":"Shaded","section":"Shading Mode"},"sceneLighting":true,"audioPlay":false,"sceneViewState":{"m_AlwaysRefresh":false,"showFog":true,"showSkybox":true,"showFlares":true,"showImageEffects":true,"showParticleSystems":true,"showVisualEffectGraphs":true,"m_FxEnabled":true},"in2DMode":false,"pivot":{"x":-13.591218948364258,"y":1.2816853523254395,"z":4.424956798553467},"rotation":{"x":0.12045934051275253,"y":0.8106035590171814,"z":-0.17940323054790498,"w":0.5442729592323303},"size":1.8272759914398194,"orthographic":false}