{"cameraMode":{"drawMode":0,"name":"Shaded","section":"Shading Mode"},"sceneLighting":true,"audioPlay":false,"sceneViewState":{"m_AlwaysRefresh":false,"showFog":true,"showSkybox":true,"showFlares":true,"showImageEffects":true,"showParticleSystems":true,"showVisualEffectGraphs":true,"m_FxEnabled":true},"in2DMode":false,"pivot":{"x":-26.80738067626953,"y":0.25554823875427248,"z":-2.7888238430023195},"rotation":{"x":0.07198825478553772,"y":0.9167860746383667,"z":-0.19282913208007813,"w":0.34225866198539736},"size":4.541654586791992,"orthographic":false}