{"cameraMode":{"drawMode":0,"name":"Shaded","section":"Shading Mode"},"sceneLighting":false,"audioPlay":false,"sceneViewState":{"m_AlwaysRefresh":false,"showFog":true,"showSkybox":false,"showFlares":true,"showImageEffects":true,"showParticleSystems":true,"showVisualEffectGraphs":true,"m_FxEnabled":true},"in2DMode":false,"pivot":{"x":-1.7000000476837159,"y":0.15000000596046449,"z":1.2999999523162842},"rotation":{"x":-0.10325150936841965,"y":-0.8435875177383423,"z":0.17535336315631867,"w":-0.4970802068710327},"size":0.2424871027469635,"orthographic":false}